{"cubes":[[[1,0,0],{"0":1,"1":0,"2":0,"3":0,"4":0,"5":1,"6":0,"7":0,"8":0,"9":0,"10":1,"11":0,"12":-36,"13":-48,"14":-36,"15":1}],[[0,0,1],{"0":1,"1":0,"2":0,"3":0,"4":0,"5":1,"6":0,"7":0,"8":0,"9":0,"10":1,"11":0,"12":36,"13":-48,"14":12,"15":1}],[[0,0,1],{"0":1,"1":0,"2":0,"3":0,"4":0,"5":1,"6":0,"7":0,"8":0,"9":0,"10":1,"11":0,"12":24,"13":-48,"14":12,"15":1}],[[0,0,1],{"0":1,"1":0,"2":0,"3":0,"4":0,"5":1,"6":0,"7":0,"8":0,"9":0,"10":1,"11":0,"12":48,"13":-48,"14":12,"15":1}],[[0,0,1],{"0":1,"1":0,"2":0,"3":0,"4":0,"5":1,"6":0,"7":0,"8":0,"9":0,"10":1,"11":0,"12":60,"13":-48,"14":0,"15":1}],[[0,0,1],{"0":1,"1":0,"2":0,"3":0,"4":0,"5":1,"6":0,"7":0,"8":0,"9":0,"10":1,"11":0,"12":60,"13":-48,"14":-12,"15":1}],[[0,0,1],{"0":1,"1":0,"2":0,"3":0,"4":0,"5":1,"6":0,"7":0,"8":0,"9":0,"10":1,"11":0,"12":60,"13":-48,"14":-24,"15":1}],[[0,0,1],{"0":1,"1":0,"2":0,"3":0,"4":0,"5":1,"6":0,"7":0,"8":0,"9":0,"10":1,"11":0,"12":48,"13":-48,"14":-36,"15":1}],[[0,0,1],{"0":1,"1":0,"2":0,"3":0,"4":0,"5":1,"6":0,"7":0,"8":0,"9":0,"10":1,"11":0,"12":36,"13":-48,"14":-36,"15":1}],[[0,0,1],{"0":1,"1":0,"2":0,"3":0,"4":0,"5":1,"6":0,"7":0,"8":0,"9":0,"10":1,"11":0,"12":24,"13":-48,"14":-36,"15":1}],[[0,0,1],{"0":1,"1":0,"2":0,"3":0,"4":0,"5":1,"6":0,"7":0,"8":0,"9":0,"10":1,"11":0,"12":12,"13":-48,"14":-24,"15":1}],[[0,0,1],{"0":1,"1":0,"2":0,"3":0,"4":0,"5":1,"6":0,"7":0,"8":0,"9":0,"10":1,"11":0,"12":12,"13":-48,"14":-12,"15":1}],[[0,0,1],{"0":1,"1":0,"2":0,"3":0,"4":0,"5":1,"6":0,"7":0,"8":0,"9":0,"10":1,"11":0,"12":12,"13":-48,"14":0,"15":1}],[[0.9882352941176471,0.7294117647058823,0.011764705882352941],{"0":1,"1":0,"2":0,"3":0,"4":0,"5":1,"6":0,"7":0,"8":0,"9":0,"10":1,"11":0,"12":0,"13":-48,"14":-24,"15":1}],[[0.9882352941176471,0.7294117647058823,0.011764705882352941],{"0":1,"1":0,"2":0,"3":0,"4":0,"5":1,"6":0,"7":0,"8":0,"9":0,"10":1,"11":0,"12":24,"13":-48,"14":-24,"15":1}],[[0.9882352941176471,0.7294117647058823,0.011764705882352941],{"0":1,"1":0,"2":0,"3":0,"4":0,"5":1,"6":0,"7":0,"8":0,"9":0,"10":1,"11":0,"12":24,"13":-48,"14":-48,"15":1}],[[0.9882352941176471,0.7294117647058823,0.011764705882352941],{"0":1,"1":0,"2":0,"3":0,"4":0,"5":1,"6":0,"7":0,"8":0,"9":0,"10":1,"11":0,"12":24,"13":-48,"14":-60,"15":1}],[[0.9882352941176471,0.7294117647058823,0.011764705882352941],{"0":1,"1":0,"2":0,"3":0,"4":0,"5":1,"6":0,"7":0,"8":0,"9":0,"10":1,"11":0,"12":12,"13":-48,"14":-72,"15":1}],[[0.9882352941176471,0.7294117647058823,0.011764705882352941],{"0":1,"1":0,"2":0,"3":0,"4":0,"5":1,"6":0,"7":0,"8":0,"9":0,"10":1,"11":0,"12":0,"13":-48,"14":-72,"15":1}],[[0.9882352941176471,0.7294117647058823,0.011764705882352941],{"0":1,"1":0,"2":0,"3":0,"4":0,"5":1,"6":0,"7":0,"8":0,"9":0,"10":1,"11":0,"12":-12,"13":-48,"14":-72,"15":1}],[[0.9882352941176471,0.7294117647058823,0.011764705882352941],{"0":1,"1":0,"2":0,"3":0,"4":0,"5":1,"6":0,"7":0,"8":0,"9":0,"10":1,"11":0,"12":-24,"13":-48,"14":-60,"15":1}],[[0.9882352941176471,0.7294117647058823,0.011764705882352941],{"0":1,"1":0,"2":0,"3":0,"4":0,"5":1,"6":0,"7":0,"8":0,"9":0,"10":1,"11":0,"12":-24,"13":-48,"14":-48,"15":1}],[[1,1,1],{"0":1,"1":0,"2":0,"3":0,"4":0,"5":1,"6":0,"7":0,"8":0,"9":0,"10":1,"11":0,"12":-24,"13":-48,"14":-36,"15":1}],[[1,1,1],{"0":1,"1":0,"2":0,"3":0,"4":0,"5":1,"6":0,"7":0,"8":0,"9":0,"10":1,"11":0,"12":-36,"13":-48,"14":-36,"15":1}],[[1,1,1],{"0":1,"1":0,"2":0,"3":0,"4":0,"5":1,"6":0,"7":0,"8":0,"9":0,"10":1,"11":0,"12":-48,"13":-48,"14":-36,"15":1}],[[0.9882352941176471,0.7294117647058823,0.011764705882352941],{"0":1,"1":0,"2":0,"3":0,"4":0,"5":1,"6":0,"7":0,"8":0,"9":0,"10":1,"11":0,"12":-24,"13":-48,"14":-24,"15":1}],[[1,1,1],{"0":1,"1":0,"2":0,"3":0,"4":0,"5":1,"6":0,"7":0,"8":0,"9":0,"10":1,"11":0,"12":-12,"13":-48,"14":-24,"15":1}],[[1,1,1],{"0":1,"1":0,"2":0,"3":0,"4":0,"5":1,"6":0,"7":0,"8":0,"9":0,"10":1,"11":0,"12":-12,"13":-48,"14":-12,"15":1}],[[1,1,1],{"0":1,"1":0,"2":0,"3":0,"4":0,"5":1,"6":0,"7":0,"8":0,"9":0,"10":1,"11":0,"12":-12,"13":-48,"14":0,"15":1}],[[1,1,1],{"0":1,"1":0,"2":0,"3":0,"4":0,"5":1,"6":0,"7":0,"8":0,"9":0,"10":1,"11":0,"12":-24,"13":-48,"14":12,"15":1}],[[1,1,1],{"0":1,"1":0,"2":0,"3":0,"4":0,"5":1,"6":0,"7":0,"8":0,"9":0,"10":1,"11":0,"12":-36,"13":-48,"14":12,"15":1}],[[1,1,1],{"0":1,"1":0,"2":0,"3":0,"4":0,"5":1,"6":0,"7":0,"8":0,"9":0,"10":1,"11":0,"12":-48,"13":-48,"14":12,"15":1}],[[1,1,1],{"0":1,"1":0,"2":0,"3":0,"4":0,"5":1,"6":0,"7":0,"8":0,"9":0,"10":1,"11":0,"12":-60,"13":-48,"14":0,"15":1}],[[1,1,1],{"0":1,"1":0,"2":0,"3":0,"4":0,"5":1,"6":0,"7":0,"8":0,"9":0,"10":1,"11":0,"12":-60,"13":-48,"14":-12,"15":1}],[[0,1,0],{"0":1,"1":0,"2":0,"3":0,"4":0,"5":1,"6":0,"7":0,"8":0,"9":0,"10":1,"11":0,"12":-48,"13":-48,"14":-24,"15":1}],[[1,1,1],{"0":1,"1":0,"2":0,"3":0,"4":0,"5":1,"6":0,"7":0,"8":0,"9":0,"10":1,"11":0,"12":-60,"13":-48,"14":-24,"15":1}],[[0,1,0],{"0":1,"1":0,"2":0,"3":0,"4":0,"5":1,"6":0,"7":0,"8":0,"9":0,"10":1,"11":0,"12":-48,"13":-48,"14":-48,"15":1}],[[0,1,0],{"0":1,"1":0,"2":0,"3":0,"4":0,"5":1,"6":0,"7":0,"8":0,"9":0,"10":1,"11":0,"12":-48,"13":-48,"14":-60,"15":1}],[[0,1,0],{"0":1,"1":0,"2":0,"3":0,"4":0,"5":1,"6":0,"7":0,"8":0,"9":0,"10":1,"11":0,"12":-60,"13":-48,"14":-72,"15":1}],[[0,1,0],{"0":1,"1":0,"2":0,"3":0,"4":0,"5":1,"6":0,"7":0,"8":0,"9":0,"10":1,"11":0,"12":-72,"13":-48,"14":-72,"15":1}],[[0,1,0],{"0":1,"1":0,"2":0,"3":0,"4":0,"5":1,"6":0,"7":0,"8":0,"9":0,"10":1,"11":0,"12":-84,"13":-48,"14":-72,"15":1}],[[0,1,0],{"0":1,"1":0,"2":0,"3":0,"4":0,"5":1,"6":0,"7":0,"8":0,"9":0,"10":1,"11":0,"12":-96,"13":-48,"14":-60,"15":1}],[[0,1,0],{"0":1,"1":0,"2":0,"3":0,"4":0,"5":1,"6":0,"7":0,"8":0,"9":0,"10":1,"11":0,"12":-96,"13":-48,"14":-48,"15":1}],[[0,1,0],{"0":1,"1":0,"2":0,"3":0,"4":0,"5":1,"6":0,"7":0,"8":0,"9":0,"10":1,"11":0,"12":-72,"13":-48,"14":-24,"15":1}],[[0,1,0],{"0":1,"1":0,"2":0,"3":0,"4":0,"5":1,"6":0,"7":0,"8":0,"9":0,"10":1,"11":0,"12":-96,"13":-48,"14":-24,"15":1}],[[1,0,0],{"0":1,"1":0,"2":0,"3":0,"4":0,"5":1,"6":0,"7":0,"8":0,"9":0,"10":1,"11":0,"12":-84,"13":-48,"14":-24,"15":1}],[[1,0,0],{"0":1,"1":0,"2":0,"3":0,"4":0,"5":1,"6":0,"7":0,"8":0,"9":0,"10":1,"11":0,"12":-96,"13":-48,"14":-36,"15":1}],[[1,0,0],{"0":1,"1":0,"2":0,"3":0,"4":0,"5":1,"6":0,"7":0,"8":0,"9":0,"10":1,"11":0,"12":-84,"13":-48,"14":-12,"15":1}],[[1,0,0],{"0":1,"1":0,"2":0,"3":0,"4":0,"5":1,"6":0,"7":0,"8":0,"9":0,"10":1,"11":0,"12":-84,"13":-48,"14":0,"15":1}],[[1,0,0],{"0":1,"1":0,"2":0,"3":0,"4":0,"5":1,"6":0,"7":0,"8":0,"9":0,"10":1,"11":0,"12":-96,"13":-48,"14":12,"15":1}],[[1,0,0],{"0":1,"1":0,"2":0,"3":0,"4":0,"5":1,"6":0,"7":0,"8":0,"9":0,"10":1,"11":0,"12":-108,"13":-48,"14":12,"15":1}],[[1,0,0],{"0":1,"1":0,"2":0,"3":0,"4":0,"5":1,"6":0,"7":0,"8":0,"9":0,"10":1,"11":0,"12":-120,"13":-48,"14":12,"15":1}],[[1,0,0],{"0":1,"1":0,"2":0,"3":0,"4":0,"5":1,"6":0,"7":0,"8":0,"9":0,"10":1,"11":0,"12":-132,"13":-48,"14":0,"15":1}],[[1,0,0],{"0":1,"1":0,"2":0,"3":0,"4":0,"5":1,"6":0,"7":0,"8":0,"9":0,"10":1,"11":0,"12":-132,"13":-48,"14":-12,"15":1}],[[1,0,0],{"0":1,"1":0,"2":0,"3":0,"4":0,"5":1,"6":0,"7":0,"8":0,"9":0,"10":1,"11":0,"12":-132,"13":-48,"14":-24,"15":1}],[[1,0,0],{"0":1,"1":0,"2":0,"3":0,"4":0,"5":1,"6":0,"7":0,"8":0,"9":0,"10":1,"11":0,"12":-120,"13":-48,"14":-36,"15":1}],[[1,0,0],{"0":1,"1":0,"2":0,"3":0,"4":0,"5":1,"6":0,"7":0,"8":0,"9":0,"10":1,"11":0,"12":-108,"13":-48,"14":-36,"15":1}]],"camera":{"0":-1,"1":0,"2":0,"3":0,"4":0,"5":0,"6":1,"7":0,"8":0,"9":1,"10":0,"11":0,"12":0,"13":0,"14":-400,"15":1}}