{"cubes":[[[255,255,255],{"0":1,"1":0,"2":0,"3":0,"4":0,"5":1,"6":0,"7":0,"8":0,"9":0,"10":1,"11":0,"12":-120.30001068115234,"13":0,"14":-14.45007610321045,"15":1}],[[255,255,255],{"0":1,"1":0,"2":0,"3":0,"4":0,"5":1,"6":0,"7":0,"8":0,"9":0,"10":1,"11":0,"12":0,"13":0,"14":0,"15":1}],[[255,255,255],{"0":1,"1":0,"2":0,"3":0,"4":0,"5":1,"6":0,"7":0,"8":0,"9":0,"10":1,"11":0,"12":-20.049999237060547,"13":0,"14":0,"15":1}],[[255,255,255],{"0":1,"1":0,"2":0,"3":0,"4":0,"5":1,"6":0,"7":0,"8":0,"9":0,"10":1,"11":0,"12":-40.099998474121094,"13":0,"14":0,"15":1}],[[255,255,255],{"0":1,"1":0,"2":0,"3":0,"4":0,"5":1,"6":0,"7":0,"8":0,"9":0,"10":1,"11":0,"12":-60.14999771118164,"13":0,"14":0,"15":1}],[[255,255,255],{"0":1,"1":0,"2":0,"3":0,"4":0,"5":1,"6":0,"7":0,"8":0,"9":0,"10":1,"11":0,"12":-80.19999694824219,"13":0,"14":0,"15":1}],[[255,255,255],{"0":1,"1":0,"2":0,"3":0,"4":0,"5":1,"6":0,"7":0,"8":0,"9":0,"10":1,"11":0,"12":-20.049999237060547,"13":0,"14":-19.950000762939453,"15":1}],[[255,255,255],{"0":1,"1":0,"2":0,"3":0,"4":0,"5":1,"6":0,"7":0,"8":0,"9":0,"10":1,"11":0,"12":-40.099998474121094,"13":0,"14":-19.950000762939453,"15":1}],[[255,255,255],{"0":1,"1":0,"2":0,"3":0,"4":0,"5":1,"6":0,"7":0,"8":0,"9":0,"10":1,"11":0,"12":-60.14999771118164,"13":0,"14":-19.950000762939453,"15":1}],[[255,0,0],{"0":1,"1":0,"2":0,"3":0,"4":0,"5":1,"6":0,"7":0,"8":0,"9":0,"10":1,"11":0,"12":-60.14999771118164,"13":0,"14":-39.900001525878906,"15":1}],[[255,0,0],{"0":1,"1":0,"2":0,"3":0,"4":0,"5":1,"6":0,"7":0,"8":0,"9":0,"10":1,"11":0,"12":-40.099998474121094,"13":0,"14":-39.900001525878906,"15":1}],[[255,0,0],{"0":1,"1":0,"2":0,"3":0,"4":0,"5":1,"6":0,"7":0,"8":0,"9":0,"10":1,"11":0,"12":-20.049999237060547,"13":0,"14":-39.900001525878906,"15":1}],[[255,0,0],{"0":1,"1":0,"2":0,"3":0,"4":0,"5":1,"6":0,"7":0,"8":0,"9":0,"10":1,"11":0,"12":-20.049999237060547,"13":0,"14":-59.85000228881836,"15":1}],[[255,0,0],{"0":1,"1":0,"2":0,"3":0,"4":0,"5":1,"6":0,"7":0,"8":0,"9":0,"10":1,"11":0,"12":-40.099998474121094,"13":0,"14":-59.85000228881836,"15":1}],[[255,0,0],{"0":1,"1":0,"2":0,"3":0,"4":0,"5":1,"6":0,"7":0,"8":0,"9":0,"10":1,"11":0,"12":-60.14999771118164,"13":0,"14":-59.85000228881836,"15":1}],[[255,0,0],{"0":1,"1":0,"2":0,"3":0,"4":0,"5":1,"6":0,"7":0,"8":0,"9":0,"10":1,"11":0,"12":-60.14999771118164,"13":0,"14":-79.80000305175781,"15":1}],[[255,0,0],{"0":1,"1":0,"2":0,"3":0,"4":0,"5":1,"6":0,"7":0,"8":0,"9":0,"10":1,"11":0,"12":-40.099998474121094,"13":0,"14":-79.80000305175781,"15":1}],[[255,0,0],{"0":1,"1":0,"2":0,"3":0,"4":0,"5":1,"6":0,"7":0,"8":0,"9":0,"10":1,"11":0,"12":-20.049999237060547,"13":0,"14":-79.69999694824219,"15":1}],[[255,0,0],{"0":1,"1":0,"2":0,"3":0,"4":0,"5":1,"6":0,"7":0,"8":0,"9":0,"10":1,"11":0,"12":-60.14999771118164,"13":0,"14":-99.64999389648438,"15":1}],[[255,0,0],{"0":1,"1":0,"2":0,"3":0,"4":0,"5":1,"6":0,"7":0,"8":0,"9":0,"10":1,"11":0,"12":-40.099998474121094,"13":0,"14":-99.64999389648438,"15":1}],[[255,0,0],{"0":1,"1":0,"2":0,"3":0,"4":0,"5":1,"6":0,"7":0,"8":0,"9":0,"10":1,"11":0,"12":-20.049999237060547,"13":0,"14":-99.64999389648438,"15":1}],[[255,0,0],{"0":1,"1":0,"2":0,"3":0,"4":0,"5":1,"6":0,"7":0,"8":0,"9":0,"10":1,"11":0,"12":-20.049999237060547,"13":0,"14":-119.59999084472656,"15":1}],[[255,0,0],{"0":1,"1":0,"2":0,"3":0,"4":0,"5":1,"6":0,"7":0,"8":0,"9":0,"10":1,"11":0,"12":-40.099998474121094,"13":0,"14":-119.59999084472656,"15":1}],[[255,0,0],{"0":1,"1":0,"2":0,"3":0,"4":0,"5":1,"6":0,"7":0,"8":0,"9":0,"10":1,"11":0,"12":-60.14999771118164,"13":0,"14":-119.59999084472656,"15":1}],[[255,0,0],{"0":1,"1":0,"2":0,"3":0,"4":0,"5":1,"6":0,"7":0,"8":0,"9":0,"10":1,"11":0,"12":-60.14999771118164,"13":0,"14":20.75001335144043,"15":1}],[[255,0,0],{"0":1,"1":0,"2":0,"3":0,"4":0,"5":1,"6":0,"7":0,"8":0,"9":0,"10":1,"11":0,"12":-40.099998474121094,"13":0,"14":20.75001335144043,"15":1}],[[255,0,0],{"0":1,"1":0,"2":0,"3":0,"4":0,"5":1,"6":0,"7":0,"8":0,"9":0,"10":1,"11":0,"12":-20.049999237060547,"13":0,"14":20.75001335144043,"15":1}],[[255,0,0],{"0":1,"1":0,"2":0,"3":0,"4":0,"5":1,"6":0,"7":0,"8":0,"9":0,"10":1,"11":0,"12":-20.049999237060547,"13":0,"14":40.80001449584961,"15":1}],[[255,0,0],{"0":1,"1":0,"2":0,"3":0,"4":0,"5":1,"6":0,"7":0,"8":0,"9":0,"10":1,"11":0,"12":-40.099998474121094,"13":0,"14":40.80001449584961,"15":1}],[[255,0,0],{"0":1,"1":0,"2":0,"3":0,"4":0,"5":1,"6":0,"7":0,"8":0,"9":0,"10":1,"11":0,"12":-60.14999771118164,"13":0,"14":40.80001449584961,"15":1}],[[255,0,0],{"0":1,"1":0,"2":0,"3":0,"4":0,"5":1,"6":0,"7":0,"8":0,"9":0,"10":1,"11":0,"12":-60.14999771118164,"13":0,"14":60.850013732910156,"15":1}],[[255,0,0],{"0":1,"1":0,"2":0,"3":0,"4":0,"5":1,"6":0,"7":0,"8":0,"9":0,"10":1,"11":0,"12":-40.099998474121094,"13":0,"14":60.850013732910156,"15":1}],[[255,0,0],{"0":1,"1":0,"2":0,"3":0,"4":0,"5":1,"6":0,"7":0,"8":0,"9":0,"10":1,"11":0,"12":-20.049999237060547,"13":0,"14":60.850013732910156,"15":1}],[[255,0,0],{"0":1,"1":0,"2":0,"3":0,"4":0,"5":1,"6":0,"7":0,"8":0,"9":0,"10":1,"11":0,"12":-20.049999237060547,"13":0,"14":80.90001678466797,"15":1}],[[255,0,0],{"0":1,"1":0,"2":0,"3":0,"4":0,"5":1,"6":0,"7":0,"8":0,"9":0,"10":1,"11":0,"12":-40.099998474121094,"13":0,"14":80.90001678466797,"15":1}],[[255,0,0],{"0":1,"1":0,"2":0,"3":0,"4":0,"5":1,"6":0,"7":0,"8":0,"9":0,"10":1,"11":0,"12":-60.14999771118164,"13":0,"14":80.90001678466797,"15":1}],[[255,0,0],{"0":1,"1":0,"2":0,"3":0,"4":0,"5":1,"6":0,"7":0,"8":0,"9":0,"10":1,"11":0,"12":-80.19999694824219,"13":0,"14":21.05001449584961,"15":1}],[[255,0,0],{"0":1,"1":0,"2":0,"3":0,"4":0,"5":1,"6":0,"7":0,"8":0,"9":0,"10":1,"11":0,"12":7.629394644936838e-7,"13":0,"14":21.05001449584961,"15":1}],[[255,255,255],{"0":1,"1":0,"2":0,"3":0,"4":0,"5":1,"6":0,"7":0,"8":0,"9":0,"10":1,"11":0,"12":20.05000114440918,"13":0,"14":1.1000144481658936,"15":1}],[[255,255,255],{"0":1,"1":0,"2":0,"3":0,"4":0,"5":1,"6":0,"7":0,"8":0,"9":0,"10":1,"11":0,"12":-100.25,"13":0,"14":1.2000148296356201,"15":1}],[[255,255,255],{"0":1,"1":0,"2":0,"3":0,"4":0,"5":1,"6":0,"7":0,"8":0,"9":0,"10":1,"11":0,"12":7.629394644936838e-7,"13":0,"14":-18.749984741210938,"15":1}],[[255,255,255],{"0":1,"1":0,"2":0,"3":0,"4":0,"5":1,"6":0,"7":0,"8":0,"9":0,"10":1,"11":0,"12":-80.19999694824219,"13":0,"14":-18.749984741210938,"15":1}],[[255,0,0],{"0":1,"1":0,"2":0,"3":0,"4":0,"5":1,"6":0,"7":0,"8":0,"9":0,"10":1,"11":0,"12":-80.19999694824219,"13":0,"14":41.40001678466797,"15":1}],[[255,0,0],{"0":1,"1":0,"2":0,"3":0,"4":0,"5":1,"6":0,"7":0,"8":0,"9":0,"10":1,"11":0,"12":7.629394644936838e-7,"13":0,"14":41.40001678466797,"15":1}],[[255,0,0],{"0":1,"1":0,"2":0,"3":0,"4":0,"5":1,"6":0,"7":0,"8":0,"9":0,"10":1,"11":0,"12":7.629394644936838e-7,"13":0,"14":61.450016021728516,"15":1}],[[255,0,0],{"0":1,"1":0,"2":0,"3":0,"4":0,"5":1,"6":0,"7":0,"8":0,"9":0,"10":1,"11":0,"12":7.629394644936838e-7,"13":0,"14":81.50001525878906,"15":1}],[[255,0,0],{"0":1,"1":0,"2":0,"3":0,"4":0,"5":1,"6":0,"7":0,"8":0,"9":0,"10":1,"11":0,"12":-80.19999694824219,"13":0,"14":81.50001525878906,"15":1}],[[255,0,0],{"0":1,"1":0,"2":0,"3":0,"4":0,"5":1,"6":0,"7":0,"8":0,"9":0,"10":1,"11":0,"12":-80.19999694824219,"13":0,"14":61.55001449584961,"15":1}],[[255,0,0],{"0":1,"1":0,"2":0,"3":0,"4":0,"5":1,"6":0,"7":0,"8":0,"9":0,"10":1,"11":0,"12":-80.19999694824219,"13":0,"14":101.7500228881836,"15":1}],[[255,0,0],{"0":1,"1":0,"2":0,"3":0,"4":0,"5":1,"6":0,"7":0,"8":0,"9":0,"10":1,"11":0,"12":-60.14999771118164,"13":0,"14":101.7500228881836,"15":1}],[[255,0,0],{"0":1,"1":0,"2":0,"3":0,"4":0,"5":1,"6":0,"7":0,"8":0,"9":0,"10":1,"11":0,"12":-40.099998474121094,"13":0,"14":101.7500228881836,"15":1}],[[255,0,0],{"0":1,"1":0,"2":0,"3":0,"4":0,"5":1,"6":0,"7":0,"8":0,"9":0,"10":1,"11":0,"12":-20.049999237060547,"13":0,"14":101.7500228881836,"15":1}],[[255,0,0],{"0":1,"1":0,"2":0,"3":0,"4":0,"5":1,"6":0,"7":0,"8":0,"9":0,"10":1,"11":0,"12":7.629394644936838e-7,"13":0,"14":101.7500228881836,"15":1}],[[255,0,0],{"0":1,"1":0,"2":0,"3":0,"4":0,"5":1,"6":0,"7":0,"8":0,"9":0,