{"objects":[["cube",[0.15493528901841447,0.2866633388170413,0.9410571596276488],{"0":1,"1":0,"2":0,"3":0,"4":0,"5":1,"6":0,"7":0,"8":0,"9":0,"10":1,"11":0,"12":-1.5,"13":-7.5,"14":-7.5,"15":1},null,1,1,1],["cube",[0.351309952822241,0.30614545977032004,0.056094181688916556],{"0":1,"1":0,"2":0,"3":0,"4":0,"5":1,"6":0,"7":0,"8":0,"9":0,"10":1,"11":0,"12":0,"13":-7.5,"14":-7.5,"15":1},null,1,1,1],["cube",[0.3074212639584535,0.4591523256841472,0.3416269329844118],{"0":1,"1":0,"2":0,"3":0,"4":0,"5":1,"6":0,"7":0,"8":0,"9":0,"10":1,"11":0,"12":1.5,"13":-7.5,"14":-7.5,"15":1},null,1,1,1],["cube",[0.08198978426338643,0.8270218643493673,0.8921119138466191],{"0":1,"1":0,"2":0,"3":0,"4":0,"5":1,"6":0,"7":0,"8":0,"9":0,"10":1,"11":0,"12":3,"13":-7.5,"14":-7.5,"15":1},null,1,1,1],["cube",[0.06425737027405909,0.7521882646102261,0.9899906132126061],{"0":1,"1":0,"2":0,"3":0,"4":0,"5":1,"6":0,"7":0,"8":0,"9":0,"10":1,"11":0,"12":3,"13":-6,"14":-7.5,"15":1},null,1,1,1],["cube",[0.8453714830173584,0.3636142652089943,0.6818208899130843],{"0":1,"1":0,"2":0,"3":0,"4":0,"5":1,"6":0,"7":0,"8":0,"9":0,"10":1,"11":0,"12":3,"13":-4.5,"14":-7.5,"15":1},null,1,1,1],["cube",[0.8617111120290118,0.16358970207134826,0.05384421008213247],{"0":1,"1":0,"2":0,"3":0,"4":0,"5":1,"6":0,"7":0,"8":0,"9":0,"10":1,"11":0,"12":3,"13":-3,"14":-7.5,"15":1},null,1,1,1],["cube",[0.17366826653970746,0.4440526570103769,0.09114948406446788],{"0":1,"1":0,"2":0,"3":0,"4":0,"5":1,"6":0,"7":0,"8":0,"9":0,"10":1,"11":0,"12":3,"13":-1.5,"14":-7.5,"15":1},null,1,1,1],["cube",[0.40321625336663836,0.028981864889680464,0.961415890571385],{"0":1,"1":0,"2":0,"3":0,"4":0,"5":1,"6":0,"7":0,"8":0,"9":0,"10":1,"11":0,"12":3,"13":0,"14":-7.5,"15":1},null,1,1,1],["cube",[0.5014661679873922,0.5670963196113826,0.8774775201154209],{"0":1,"1":0,"2":0,"3":0,"4":0,"5":1,"6":0,"7":0,"8":0,"9":0,"10":1,"11":0,"12":3,"13":1.5,"14":-7.5,"15":1},null,1,1,1],["cube",[0.019528610391049805,0.2026145687555556,0.6581098583276873],{"0":1,"1":0,"2":0,"3":0,"4":0,"5":1,"6":0,"7":0,"8":0,"9":0,"10":1,"11":0,"12":3,"13":3,"14":-7.5,"15":1},null,1,1,1],["cube",[0.8927451490397943,0.8500140973286096,0.023904351079088504],{"0":1,"1":0,"2":0,"3":0,"4":0,"5":1,"6":0,"7":0,"8":0,"9":0,"10":1,"11":0,"12":3,"13":4.5,"14":-7.5,"15":1},null,1,1,1],["cube",[0.8748360659225953,0.8063252605798584,0.20125140347802561],{"0":1,"1":0,"2":0,"3":0,"4":0,"5":1,"6":0,"7":0,"8":0,"9":0,"10":1,"11":0,"12":3,"13":6,"14":-7.5,"15":1},null,1,1,1],["cube",[0.9669290883290204,0.3862677544638021,0.9048405228117099],{"0":1,"1":0,"2":0,"3":0,"4":0,"5":1,"6":0,"7":0,"8":0,"9":0,"10":1,"11":0,"12":-1.5,"13":7.5,"14":-7.5,"15":1},null,1,1,1],["cube",[0.5051575037390984,0.5791646403831513,0.5998343883995253],{"0":1,"1":0,"2":0,"3":0,"4":0,"5":1,"6":0,"7":0,"8":0,"9":0,"10":1,"11":0,"12":0,"13":7.5,"14":-7.5,"15":1},null,1,1,1],["cube",[0.6988745408727586,0.9377031525600289,0.21750670172790487],{"0":1,"1":0,"2":0,"3":0,"4":0,"5":1,"6":0,"7":0,"8":0,"9":0,"10":1,"11":0,"12":1.5,"13":7.5,"14":-7.5,"15":1},null,1,1,1],["cube",[0.532373076785077,0.290142792125617,0.4068712788421185],{"0":1,"1":0,"2":0,"3":0,"4":0,"5":1,"6":0,"7":0,"8":0,"9":0,"10":1,"11":0,"12":3,"13":7.5,"14":-7.5,"15":1},null,1,1,1],["cube",[0.9184683078001141,0.2967833471833131,0.10278305159396273],{"0":1,"1":0,"2":0,"3":0,"4":0,"5":1,"6":0,"7":0,"8":0,"9":0,"10":1,"11":0,"12":-7.5,"13":-1.5,"14":-4.5,"15":1},null,1,1,1],["cube",[0.014494112668594239,0.979951864239451,0.5382438230479256],{"0":1,"1":0,"2":0,"3":0,"4":0,"5":1,"6":0,"7":0,"8":0,"9":0,"10":1,"11":0,"12":-7.5,"13":0,"14":-4.5,"15":1},null,1,1,1],["cube",[0.43924633301205074,0.6070077942455752,0.9575765273573886],{"0":1,"1":0,"2":0,"3":0,"4":0,"5":1,"6":0,"7":0,"8":0,"9":0,"10":1,"11":0,"12":-7.5,"13":1.5,"14":-4.5,"15":1},null,1,1,1],["cube",[0.7002877937435482,0.07939159856267142,0.22139962004616265],{"0":1,"1":0,"2":0,"3":0,"4":0,"5":1,"6":0,"7":0,"8":0,"9":0,"10":1,"11":0,"12":7.5,"13":-6,"14":-3,"15":1},null,1,1,1],["cube",[0.037660735358379105,0.576600031267963,0.7270686775906118],{"0":1,"1":0,"2":0,"3":0,"4":0,"5":1,"6":0,"7":0,"8":0,"9":0,"10":1,"11":0,"12":7.5,"13":-4.5,"14":-3,"15":1},null,1,1,1],["cube",[0.8394081589617886,0.8438905127320346,0.4666220516060885],{"0":1,"1":0,"2":0,"3":0,"4":0,"5":1,"6":0,"7":0,"8":0,"9":0,"10":1,"11":0,"12":7.5,"13":-3,"14":-3,"15":1},null,1,1,1],["cube",[0.4719037010664071,0.43941892077532685,0.61604268338045],{"0":1,"1":0,"2":0,"3":0,"4":0,"5":1,"6":0,"7":0,"8":0,"9":0,"10":1,"11":0,"12":-7.5,"13":-1.5,"14":-3,"15":1},null,1,1,1],["cube",[0.9945965194493211,0.41110561827208403,0.3852711864796934],{"0":1,"1":0,"2":0,"3":0,"4":0,"5":1,"6":0,"7":0,"8":0,"9":0,"10":1,"11":0,"12":7.5,"13":-1.5,"14":-3,"15":1},null,1,1,1],["cube",[0.4643772232784543,0.7650434782729327,0.6058280683052547],{"0":1,"1":0,"2":0,"3":0,"4":0,"5":1,"6":0,"7":0,"8":0,"9":0,"10":1,"11":0,"12":7.5,"13":0,"14":-3,"15":1},null,1,1,1],["cube",[0.5267507872038099,0.696402869903668,0.04647389030284177],{"0":1,"1":0,"2":0,"3":0,"4":0,"5":1,"6":0,"7":0,"8":0,"9":0,"10":1,"11":0,"12":7.5,"13":1.5,"14":-3,"15":1},null,1,1,1],["cube",[0.5237539545100701,0.07535215837941767,0.7769948633932866],{"0":1,"1":0,"2":0,"3":0,"4":0,"5":1,"6":0,"7":0,"8":0,"9":0,"10":1,"11":0,"12":7.5,"13":3,"14":-3,"15":1},null,1,1,1],["cube",[0.20457386641936603,0.306678962280714,0.7621547848700544],{"0":1,"1":0,"2":0,"3":0,"4":0,"5":1,"6":0,"7":0,"8":0,"9":0,"10":1,"11":0,"12":-7.5,"13":4.5,"14":-3,"15":1},null,1,1,1],["cube",[0.12416071051359767,0.22019563527007313,0.1353864694226664],{"0":1,"1":0,"2":0,"3":0,"4":0,"5":1,"6":0,"7":0,"8":0,"9":0,"10":1,"11":0,"12":7.5,"13":4.5,"14":-3,"15":1},null,1,1,1],["cube",[0.16269245375712715,0.18307397605164744,0.8845661753024933],{"0":1,"1":0,"2":0,"3":0,"4":0,"5":1,"6":0,"7":0,"8":0,"9":0,"10":1,"11":0,"12":-7.5,"13":6,"14":-3,"15":1},null,1,1,1],["cube",[0.6873761096929637,0.3819833869744289,0.9747969171483378],{"0":1,"1":0,"2":0,"3":0,"4":0,"5":1,"6":0,"7":0,"8":0,"9":0,"10":1,"11":0,"12":7.5,"13":6,"14":-3,"15":1},null,1,1,1],["cube",[0.11499144936918515,0.7781493618827777,0.8380485832729542],{"0":1,"1":0,"2":0,"3":0,"4":0,"5":1,"6":0,"7":0,"8":0,"9":0,"10":1,"11":0,"12":-7.5,"13":7.5,"14":-3,"15":1},null,1,1,1],["cube",[0.18264360324818696,0.3271067694756421,0.3296668720900955],{"0":1,"1":0,"2":0,"3":0,"4":0,"5":1,"6":0,"7":0,"8":0,"9":0,"10":1,"11":0,"12":7.5,"13":-7.5,"14":-1.5,"15":1},null,1,1,1],["cube",[0.7373896022561256,0.42466739461537995,0.8501163766845965],{"0":1,"1":0,"2":0,"3":0,"4":0,"5":1,"6":0,"7":0,"8":0,"9":0,"10":1,"11":0,"12":-7.5,"13":-1.5,"14":-1.5,"15":1},null,1,1,1],["cube",[0.3552061967825427,0.4334247994366812,0.11472405924850304],{"0":1,"1":0,"2":0,"3":0,"4":0,"5":1,"6":0,"7":0,"8":0,"9":0,"10":1,"11":0,"12":-7.5,"13":4.5,"14":-1.5,"15":1},null,1,1,1],["cube",[0.615624061879907,0.22804483522192764,0.9074552430356829],{"0":1,"1":0,"2":0,"3":0,"4":0,"5":1,"6":0,"7":0,"8":0,"9":0,"10":1,"11":0,"12":-7.5,"13":6,"14":-1.5,"15":1},null,1,1,1],["cube",[0.2213859458043932,0.46355422133881397,0.08265606834737005],{"0":1,"1":0,"2":0,"3":0,"4":0,"5":1,"6":0,"7":0,"8":0,"9":0,"10":1,"11":0,"12":-7.5,"13":7.5,"14":-1.5,"15":1},null,1,1,1],["cube",[0.2530962924536482,0.13314302317935,0.3462950832520755],{"0":1,"1":0,"2":0,"3":0,"4":0,"5":1,"6":0,"7":0,"8":0,"9":0,"10":1,"11":0,"12":7.5,"13":7.5,"14":-1.5,"15":1},null,1,1,1],["cube",[0.6626919128437272,0.982101443529926,0.504774073120385],{"0":1,"1":0,"2":0,"3":0,"4":0,"5":1,"6":0,"7":0,"8":0,"9":0,"10":1,"11":0,"12":7.5,"13":-7.5,"14":0,"15":1},null,1,1,1],["cube",[0.5049483028219616,0.5806004357391606,0.5820865039238861],{"0":1,"1":0,"2":0,"3":0,"4":0,"5":1,"6":0,"7":0,"8":0,"9":0,"10":1,"11":0,"12":7.5,"13":7.5,"14":0,"15":1},null,1,1,1],["cube",[0.5078405106073043,0.7422318147654079,0.3755418491212915],{"0":1,"1":0,"2":0,"3":0,"4":0,"5":1,"6":0,"7":0,"8":0,"9":0,"10":1,"11":0,"12":7.5,"13":-7.5,"14":1.5,