{"cubes":[[[1,0,0],{"0":1,"1":0,"2":0,"3":0,"4":0,"5":1,"6":0,"7":0,"8":0,"9":0,"10":1,"11":0,"12":-24,"13":0,"14":0,"15":1}],[[1,0.615686274509804,0.3137254901960784],{"0":1,"1":0,"2":0,"3":0,"4":0,"5":1,"6":0,"7":0,"8":0,"9":0,"10":1,"11":0,"12":0,"13":0,"14":0,"15":1}],[[1,1,1],{"0":1,"1":0,"2":0,"3":0,"4":0,"5":1,"6":0,"7":0,"8":0,"9":0,"10":1,"11":0,"12":24,"13":0,"14":0,"15":1}]],"camera":{"0":-0.9689860343933105,"1":-0.11639411002397537,"2":-0.21798741817474365,"3":0,"4":-0.24567806720733643,"5":0.5487640500068665,"6":0.7990624308586121,"7":0,"8":0.026617614552378654,"9":0.8278347849845886,"10":-0.560340166091919,"11":0,"12":0,"13":0,"14":-120,"15":1}}