{"cubes":[[[1,1,1],{"0":1,"1":0,"2":0,"3":0,"4":0,"5":1,"6":0,"7":0,"8":0,"9":0,"10":1,"11":0,"12":0,"13":0,"14":0,"15":1}],[[1,1,1],{"0":1,"1":0,"2":0,"3":0,"4":0,"5":1,"6":0,"7":0,"8":0,"9":0,"10":1,"11":0,"12":12,"13":0,"14":0,"15":1}]],"camera":{"0":-0.7742617726325989,"1":0.6327153444290161,"2":-0.013776784762740135,"3":0,"4":0.023593371734023094,"5":0.05061210319399834,"6":0.998439610004425,"7":0,"8":0.6324256062507629,"9":0.7727285623550415,"10":-0.05411520600318909,"11":0,"12":0,"13":0,"14":-100,"15":1}}
