{"cubes":[[[0,1,1],{"0":1,"1":0,"2":0,"3":0,"4":0,"5":1,"6":0,"7":0,"8":0,"9":0,"10":1,"11":0,"12":32,"13":0,"14":-52,"15":1}],[[1,1,1],{"0":1,"1":0,"2":0,"3":0,"4":0,"5":1,"6":0,"7":0,"8":0,"9":0,"10":1,"11":0,"12":0,"13":0,"14":0,"15":1}],[[1,0,0],{"0":1,"1":0,"2":0,"3":0,"4":0,"5":1,"6":0,"7":0,"8":0,"9":0,"10":1,"11":0,"12":-12,"13":0,"14":0,"15":1}],[[0,0.8,0],{"0":1,"1":0,"2":0,"3":0,"4":0,"5":1,"6":0,"7":0,"8":0,"9":0,"10":1,"11":0,"12":-24,"13":0,"14":0,"15":1}],[[0,0,1],{"0":1,"1":0,"2":0,"3":0,"4":0,"5":1,"6":0,"7":0,"8":0,"9":0,"10":1,"11":0,"12":-36,"13":0,"14":0,"15":1}],[[1,1,0],{"0":1,"1":0,"2":0,"3":0,"4":0,"5":1,"6":0,"7":0,"8":0,"9":0,"10":1,"11":0,"12":-48,"13":0,"14":0,"15":1}],[[1,0.75,0.796],{"0":1,"1":0,"2":0,"3":0,"4":0,"5":1,"6":0,"7":0,"8":0,"9":0,"10":1,"11":0,"12":-60,"13":0,"14":0,"15":1}],[[0,1,1],{"0":1,"1":0,"2":0,"3":0,"4":0,"5":1,"6":0,"7":0,"8":0,"9":0,"10":1,"11":0,"12":-72,"13":0,"14":0,"15":1}],[[0,0,0],{"0":1,"1":0,"2":0,"3":0,"4":0,"5":1,"6":0,"7":0,"8":0,"9":0,"10":1,"11":0,"12":-36,"13":0,"14":-16,"15":1}],[[1,1,1],{"0":1,"1":0,"2":0,"3":0,"4":0,"5":1,"6":0,"7":0,"8":0,"9":0,"10":1,"11":0,"12":-36,"13":0,"14":-40,"15":1}],[[1,0,0],{"0":1,"1":0,"2":0,"3":0,"4":0,"5":1,"6":0,"7":0,"8":0,"9":0,"10":1,"11":0,"12":-36,"13":0,"14":-24,"15":1}],[[0,0.8,0],{"0":1,"1":0,"2":0,"3":0,"4":0,"5":1,"6":0,"7":0,"8":0,"9":0,"10":1,"11":0,"12":-36,"13":0,"14":-52,"15":1}],[[1,1,0],{"0":1,"1":0,"2":0,"3":0,"4":0,"5":1,"6":0,"7":0,"8":0,"9":0,"10":1,"11":0,"12":-24,"13":0,"14":-52,"15":1}],[[1,0.75,0.796],{"0":1,"1":0,"2":0,"3":0,"4":0,"5":1,"6":0,"7":0,"8":0,"9":0,"10":1,"11":0,"12":-16,"13":0,"14":-52,"15":1}],[[0,1,1],{"0":1,"1":0,"2":0,"3":0,"4":0,"5":1,"6":0,"7":0,"8":0,"9":0,"10":1,"11":0,"12":-8,"13":0,"14":-52,"15":1}],[[0,1,1],{"0":1,"1":0,"2":0,"3":0,"4":0,"5":1,"6":0,"7":0,"8":0,"9":0,"10":1,"11":0,"12":0,"13":0,"14":-52,"15":1}]],"camera":{"0":-0.9726709127426147,"1":-0.22295576333999634,"2":-0.06481654196977615,"3":0,"4":-0.08379028737545013,"5":0.07671298831701279,"6":0.9935258030891418,"7":0,"8":-0.21653999388217926,"9":0.9718058705329895,"10":-0.09329791367053986,"11":0,"12":0,"13":0,"14":-100,"15":1}}