{"cubes":[[[1,1,1],{"0":1,"1":0,"2":0,"3":0,"4":0,"5":1,"6":0,"7":0,"8":0,"9":0,"10":1,"11":0,"12":0,"13":0,"14":0,"15":1}],[[1,1,1],{"0":1,"1":0,"2":0,"3":0,"4":0,"5":1,"6":0,"7":0,"8":0,"9":0,"10":1,"11":0,"12":0,"13":0,"14":0,"15":1}]],"cameras":[{"0":-0.9956202507019043,"1":-0.026000678539276123,"2":0.08980059623718262,"3":0,"4":0.09246955811977386,"5":-0.4153372049331665,"6":0.9049554467201233,"7":0,"8":0.01376806478947401,"9":0.9092957973480225,"10":0.4159224331378937,"11":0,"12":0,"13":0,"14":-100,"15":1},{"0":-0.7575855255126953,"1":-0.0024575584102422,"2":-0.6527311205863953,"3":0,"4":-0.5208556056022644,"5":-0.6004329919815063,"6":0.6067864298820496,"7":0,"8":-0.3934125304222107,"9":0.7996712327003479,"10":0.45359939336776733,"11":0,"12":0,"13":0,"14":-100,"15":1},{"0":0.032722052186727524,"1":0.430009663105011,"2":-0.9022312164306641,"3":0,"4":-0.6063793897628784,"5":-0.7090510129928589,"6":-0.35993093252182007,"7":0,"8":-0.794501781463623,"9":0.5588719844818115,"10":0.23754751682281494,"11":0,"12":0,"13":0,"14":-100,"15":1}]}