{"cubes":[[[1,1,0],{"0":1,"1":0,"2":0,"3":0,"4":0,"5":1,"6":0,"7":0,"8":0,"9":0,"10":1,"11":0,"12":0,"13":0,"14":0,"15":1}],[[1,0,0],{"0":1,"1":0,"2":0,"3":0,"4":0,"5":1,"6":0,"7":0,"8":0,"9":0,"10":1,"11":0,"12":0,"13":0,"14":0,"15":1}],[[0,0,1],{"0":1,"1":0,"2":0,"3":0,"4":0,"5":1,"6":0,"7":0,"8":0,"9":0,"10":1,"11":0,"12":-12,"13":0,"14":0,"15":1}],[[1,1,0],{"0":1,"1":0,"2":0,"3":0,"4":0,"5":1,"6":0,"7":0,"8":0,"9":0,"10":1,"11":0,"12":-24,"13":0,"14":0,"15":1}]],"camera":[{"0":-0.9981057643890381,"1":-0.05967731773853302,"2":0.014956708997488022,"3":0,"4":0.01323651522397995,"5":0.029115252196788788,"6":0.9994885921478271,"7":0,"8":-0.060082267969846725,"9":0.9977931976318359,"10":-0.02827017940580845,"11":0,"12":0,"13":0,"14":-100,"15":1}]}