{"cubes":[[[1,1,1],{"0":1,"1":0,"2":0,"3":0,"4":0,"5":1,"6":0,"7":0,"8":0,"9":0,"10":1,"11":0,"12":0,"13":0,"14":-24,"15":1}],[[1,1,1],{"0":1,"1":0,"2":0,"3":0,"4":0,"5":1,"6":0,"7":0,"8":0,"9":0,"10":1,"11":0,"12":0,"13":0,"14":0,"15":1}],[[1,1,1],{"0":1,"1":0,"2":0,"3":0,"4":0,"5":1,"6":0,"7":0,"8":0,"9":0,"10":1,"11":0,"12":-12,"13":0,"14":0,"15":1}],[[1,1,1],{"0":1,"1":0,"2":0,"3":0,"4":0,"5":1,"6":0,"7":0,"8":0,"9":0,"10":1,"11":0,"12":-12,"13":0,"14":-12,"15":1}],[[1,1,1],{"0":1,"1":0,"2":0,"3":0,"4":0,"5":1,"6":0,"7":0,"8":0,"9":0,"10":1,"11":0,"12":0,"13":0,"14":-12,"15":1}],[[1,1,1],{"0":1,"1":0,"2":0,"3":0,"4":0,"5":1,"6":0,"7":0,"8":0,"9":0,"10":1,"11":0,"12":12,"13":0,"14":-12,"15":1}],[[1,1,1],{"0":1,"1":0,"2":0,"3":0,"4":0,"5":1,"6":0,"7":0,"8":0,"9":0,"10":1,"11":0,"12":12,"13":0,"14":-24,"15":1}],[[1,1,1],{"0":1,"1":0,"2":0,"3":0,"4":0,"5":1,"6":0,"7":0,"8":0,"9":0,"10":1,"11":0,"12":0,"13":0,"14":-24,"15":1}]],"camera":{"0":-0.9995065927505493,"1":0.0004385849751997739,"2":0.03140616416931152,"3":0,"4":0.031408462673425674,"5":0.020937826484441757,"6":0.9992872476577759,"7":0,"8":-0.00021930449292995036,"9":0.9997806549072266,"10":-0.020941272377967834,"11":0,"12":0,"13":0,"14":-100,"15":1}}